{
    "colors":[],
    "uvs":[],
    "faces":[33,0,1,2,3,0,0,0,0,33,4,7,6,5,1,1,1,1,33,0,4,5,1,2,2,2,2,33,1,5,6,2,3,3,3,3,33,2,6,7,3,4,4,4,4,33,4,0,3,7,5,5,5,5],
    "vertices":[1,1.16966,-1,1,1.16966,1,-1,1.16966,1,-1,1.16966,-1,1,3.16966,-1,-0.159804,2.26116,0.131891,-1,3.16966,0.999999,-1,3.16966,-1],
    "normals":[0,-1,0,0.385989,0.837869,0.385989,0.804723,0.419774,0.419774,0.379283,0.379283,0.843972,-1,-1.3411e-07,-2.23517e-07,2.38419e-07,1.78814e-07,-1],
    "metadata":{
        "colors":0,
        "uvs":0,
        "type":"Geometry",
        "vertices":8,
        "generator":"io_three",
        "normals":6,
        "version":3,
        "faces":6
    }
}